days,date,streamflow,precip,temp_min,temp_max,humidity_spec,radiation_sw
1,2017-01-01,0.2456394,0.07,-4.625,1.004,0.00359153747558594,4.375
2,2017-01-02,0.2489529,0,-10.007,-3.975,0.00226497650146484,7.375
3,2017-01-03,0.2434308,0,-10.171,-0.054,0.0022735595703125,11.0625
4,2017-01-04,0.2401962,0.83,-12.781,-2.483,0.00288963317871094,5.9375
5,2017-01-05,0.2386971,0,-20.008,-11.867,0.00109577178955078,12.75
6,2017-01-06,0.2165605,0,-16.231,-1.981,0.00116348266601563,12.5
7,2017-01-07,0.208145,0.01,-8.841,1.56,0.00309658050537109,3.5
8,2017-01-08,0.1994707,0,-11.713,2.597,0.00241374969482422,6.8125
9,2017-01-09,0.2090949,0,-2.17,3.877,0.00422859191894531,6.5625
10,2017-01-10,0.2019695,0.01,-2.233,1.53,0.00407981872558594,3.375
11,2017-01-11,0.2038697,0.41,-2.64,0.325,0.00345230102539062,1.6875
12,2017-01-12,0.2043448,5.27,-5.71,-1.593,0.00312232971191406,0.875
13,2017-01-13,0.2000695,0,-15.913,-2.706,0.00234222412109375,8.1875
14,2017-01-14,0.1962693,0,-12.127,-2.815,0.00237941741943359,14.25
15,2017-01-15,0.1972192,0,-17.536,-8.799,0.00181198120117188,11.6875
16,2017-01-16,0.1967444,0,-19.699,-10.256,0.00107955932617188,17.3125
17,2017-01-17,0.1902387,1.16,-11.932,3.075,0.00156307220458984,18.8125
18,2017-01-18,0.1822672,0,-0.723,5.157,0.00473117828369141,4
19,2017-01-19,0.1756847,0,1.359,5.413,0.00460052490234375,14.5
20,2017-01-20,0.1730518,0,2.99,5.554,0.00474739074707031,6.5625
21,2017-01-21,0.1704879,0,-3.251,4.871,0.00450706481933594,13.125
22,2017-01-22,0.1610872,0,-6.117,0.974,0.00333595275878906,14.3125
23,2017-01-23,0.1574492,0,-5.603,1.223,0.00342178344726562,16.9375
24,2017-01-24,0.1530028,0,-8.55,-0.097,0.00333213806152344,17.75
25,2017-01-25,0.1499013,0,-2.662,5.422,0.00335979461669922,14.1875
26,2017-01-26,0.1530028,0,-4.627,4.97,0.00490093231201172,13.8125
27,2017-01-27,0.1468659,0,-9.712,-0.491,0.00281047821044922,27.25
28,2017-01-28,0.1435255,0,-12.488,-5.604,0.0017242431640625,26.625
29,2017-01-29,0.1387004,0.09,-6.919,-3.091,0.00206089019775391,6.125
30,2017-01-30,0.1394428,2.32,-13.058,-2.95,0.00232315063476562,4.625
31,2017-01-31,0.1409274,0,-15.876,-6.434,0.00153446197509766,28.5
32,2017-02-01,0.1335673,0,-17.925,-7.101,0.00113105773925781,26
33,2017-02-02,0.1290256,0.11,-11.728,-3.229,0.00151634216308594,11.625
34,2017-02-03,0.1259688,0.07,-5.36,-3.075,0.00264549255371094,6.875
35,2017-02-04,0.1242706,0.17,-4.288,-2.465,0.00294685363769531,11.3125
36,2017-02-05,0.128686,1.3,-5.162,-4.041,0.00275039672851562,11.8125
37,2017-02-06,0.1342466,1,-7.423,-3.888,0.00263690948486328,8.25
38,2017-02-07,0.1335042,1.96,-17.522,-7.217,0.00210189819335937,15.5
39,2017-02-08,0.1349889,1.11,-21.318,-12.984,0.00102424621582031,26.5625
40,2017-02-09,0.1328249,0.71,-18.805,-10.333,0.000823020935058594,31.25
41,2017-02-10,0.1314033,0.36,-11.909,-9.399,0.00124740600585938,27.3125
42,2017-02-11,0.1293653,1.29,-14.001,-4.665,0.00160598754882813,17.6875
43,2017-02-12,0.1269878,0,-18.136,-2.527,0.00131416320800781,42.1875
44,2017-02-13,0.1242706,0,-10.557,2.164,0.00183486938476563,48.375
45,2017-02-14,0.1215533,0,-9.909,4.242,0.00231170654296875,53.875
46,2017-02-15,0.1152795,0,-13.753,3.861,0.00217628479003906,57.6875
47,2017-02-16,0.1108841,0,-3.236,4.499,0.00314235687255859,56.9375
48,2017-02-17,0.1096454,0,-6.217,3.946,0.00410842895507813,20
49,2017-02-18,0.1077872,0,-6.912,3.369,0.00340557098388672,49.875
50,2017-02-19,0.1062387,0,-0.482,4.434,0.00424480438232422,19.125
51,2017-02-20,0.104071,0,1.006,4.994,0.00433158874511719,46.75
52,2017-02-21,0.1034515,0.1,-2.996,2.093,0.00410652160644531,39.9375
53,2017-02-22,0.1065484,3.33,-3.962,0.984,0.00307178497314453,48.75
54,2017-02-23,0.1074775,0,-11.701,-0.937,0.00316810607910156,38.375
55,2017-02-24,0.1068581,0,-16.156,-4.192,0.00134754180908203,79.75
56,2017-02-25,0.1071678,0,-16.049,-5.65,0.00145053863525391,80.5
57,2017-02-26,0.1096454,9.34,-11.534,1.629,0.0019683837890625,16.5
58,2017-02-27,0.1080969,2.21,-6.209,2.004,0.00317668914794922,56.5
59,2017-02-28,0.1133614,8.19,-2.983,0.737,0.00334835052490234,50.75
60,2017-03-01,0.1152196,3.22,-4.992,0.423,0.00321674346923828,20.375
61,2017-03-02,0.1142906,0,-17.294,-2.296,0.00201988220214844,48.25
62,2017-03-03,0.1124325,0,-15.183,-0.572,0.00182533264160156,84.875
63,2017-03-04,0.1124325,0.35,-6.408,-3.424,0.00251960754394531,74.875
64,2017-03-05,0.1142906,4.74,-8.176,-4.955,0.00254917144775391,37.6875
65,2017-03-06,0.1164584,1.58,-13.398,-6.787,0.00177097320556641,39.6875
66,2017-03-07,0.1169479,0.41,-19.117,-6.945,0.00127029418945313,87.375
67,2017-03-08,0.1118131,0,-24.24,-6.404,0.000814437866210938,100.0625
68,2017-03-09,0.115839,5.22,-12.307,2.539,0.00142288208007813,97.625
69,2017-03-10,0.1185562,0,-4.93,2.545,0.00308704376220703,58.875
70,2017-03-11,0.1184963,0,-13.573,1.602,0.00255393981933594,102.0625
71,2017-03-12,0.1152196,0.82,-2.835,2.648,0.00289726257324219,93.5625
72,2017-03-13,0.1115033,0.06,-2.781,3.314,0.00376415252685547,52.8125
73,2017-03-14,0.1102646,0.08,-1.504,5.178,0.00367069244384766,48.6875
74,2017-03-15,0.121893,14.87,-2.104,1.361,0.00345325469970703,65.0625
75,2017-03-16,0.1191756,0.07,-3.76,5.922,0.00291824340820312,104.5
76,2017-03-17,0.1188361,0.1,-3.689,3.227,0.00349807739257812,52.1875
77,2017-03-18,0.1167981,0,-9.323,-0.89,0.00247383117675781,105.1875
78,2017-03-19,0.115839,0,-16.557,-1.974,0.00159740447998047,129.8125
79,2017-03-20,0.1222326,5.86,-9.966,2.65,0.00219917297363281,77.25
80,2017-03-21,0.1215533,1.11,-6.817,1.235,0.00311088562011719,82
81,2017-03-22,0.1201947,0,-9.118,-0.194,0.00279712677001953,98.125
82,2017-03-23,0.1269878,0,-10.135,-0.323,0.00210094451904297,137.625
83,2017-03-24,0.1225723,0,-6.547,1.299,0.00249290466308594,134.125
84,2017-03-25,0.1191756,0,-0.809,4.193,0.00313186645507812,84.5625
85,2017-03-26,0.1169083,0,1.627,9.301,0.00385761260986328,119.1875
86,2017-03-27,0.1146004,0,2.105,8.611,0.00514316558837891,138.5
87,2017-03-28,0.1182166,0,-1.744,8.786,0.00418472290039063,142.5625
88,2017-03-29,0.1273274,0,-2.2,3.315,0.00381565093994141,129.25
89,2017-03-30,0.1391347,0,-2.473,2.473,0.00317764282226562,92.6875
90,2017-03-31,0.15509,8.65,-1.158,4.341,0.00383186340332031,29.125
91,2017-04-01,0.1845337,7.7,-1.597,7.222,0.00412940979003906,49
92,2017-04-02,0.218919,0,0,7.88,0.00453281402587891,125.625
93,2017-04-03,0.2716565,0,-4.126,9.553,0.00397968292236328,135.1875
94,2017-04-04,0.3127356,0,-3.783,6.343,0.00367355346679687,169.1875
95,2017-04-05,0.3612414,0.07,-2.198,2.773,0.00352954864501953,92
96,2017-04-06,0.3961508,0.47,-2.536,6.576,0.00295066833496094,146.3125
97,2017-04-07,0.4362004,0,2.575,7.639,0.00435161590576172,88.625
98,2017-04-08,0.5059916,0,1.232,5.513,0.00394725799560547,173.5625
99,2017-04-09,0.5606769,0,0.832,8.999,0.00394821166992187,146.5625
100,2017-04-10,0.6782997,0,-0.695,5.596,0.00430107116699219,160.3125
101,2017-04-11,0.7752003,0,-3.926,1.464,0.00278282165527344,173.5625
102,2017-04-12,0.7860794,0.74,-5.564,5.198,0.00244140625,198.1875
103,2017-04-13,0.787295,0.01,-4.424,2.774,0.00364780426025391,145.625
104,2017-04-14,0.7525942,0.01,-5.503,1.713,0.00329017639160156,55.1875
105,2017-04-15,0.689815,0.05,-5.996,0.045,0.00240707397460937,169.4375
106,2017-04-16,0.6358241,1.14,-6.511,0.331,0.00274753570556641,109.125
107,2017-04-17,0.611973,5.53,-4.759,0.194,0.00302505493164062,118.8125
108,2017-04-18,0.5751189,2.47,-11.73,2.3,0.00237846374511719,121.1875
109,2017-04-19,0.5257965,0,-10.113,2.34,0.00209999084472656,215.0625
110,2017-04-20,0.475963,0,-1.47,7.365,0.00302219390869141,175.0625
111,2017-04-21,0.4648065,0,-2.554,2.876,0.00375270843505859,142.8125
112,2017-04-22,0.458223,0,-2.766,3.21,0.00263023376464844,202.4375
113,2017-04-23,0.4475244,0,-5.015,1.271,0.00223922729492187,232.3125
114,2017-04-24,0.465833,7.8,-4.194,-1.288,0.00223922729492187,234.1875
115,2017-04-25,0.4692268,9.56,-4.447,1.515,0.00265979766845703,90.625
116,2017-04-26,0.4401182,0,-10.569,2.846,0.00204753875732422,168.125
117,2017-04-27,0.421634,0,-6.93,2.926,0.00226402282714844,243.875
118,2017-04-28,0.4092552,0,-8.552,-0.01,0.00264167785644531,215.125
119,2017-04-29,0.423955,7.49,-3.23,3.879,0.00271224975585937,197.375
120,2017-04-30,0.398424,0,-9.758,4.728,0.00213527679443359,231.4375
121,2017-05-01,0.3991978,0,-7.231,8.442,0.00230312347412109,269.5
122,2017-05-02,0.4061607,0,-5.243,11.847,0.00262165069580078,278.5
123,2017-05-03,0.440941,0,-4.421,11.577,0.00248336791992187,273.125
124,2017-05-04,0.5169536,0,-4.86,11.789,0.00283527374267578,276.5625
125,2017-05-05,0.6288522,0,-2.128,15.988,0.00297164916992187,289.1875
126,2017-05-06,0.9181612,0,-0.059,16.453,0.00455093383789063,282.375
127,2017-05-07,1.336369,0,0.426,12.454,0.0045928955078125,282
128,2017-05-08,1.578213,0,-5.373,6.519,0.00362110137939453,200.4375
129,2017-05-09,1.503307,0,-5.469,4.364,0.00239467620849609,291.0625
130,2017-05-10,1.34095,0.96,-2.593,1.363,0.00298023223876953,213.8125
131,2017-05-11,1.189301,3.69,-3.097,2.574,0.00309085845947266,118
132,2017-05-12,1.057201,0.1,-1.23,6.835,0.00319194793701172,159.6875
133,2017-05-13,0.984439,0,-0.554,6.417,0.00393390655517578,215.4375
134,2017-05-14,0.9787987,1.89,1.335,11.652,0.00422096252441406,208.3125
135,2017-05-15,1.052836,0,1.941,11.932,0.00547885894775391,131.375
136,2017-05-16,1.208012,0.29,2.083,8.604,0.00564098358154297,151.4375
137,2017-05-17,1.585933,8.19,3.758,14.53,0.00550365447998047,25.625
138,2017-05-18,2.338597,9.89,6.272,11.634,0.00688743591308594,240.5625
139,2017-05-19,3.517998,14.97,1.306,16.578,0.00672054290771484,15.375
140,2017-05-20,3.152757,0,4.757,13.384,0.00706768035888672,216.5
141,2017-05-21,2.616484,5.13,5.559,11.839,0.00623798370361328,116.875
142,2017-05-22,2.158106,0,0.978,11.17,0.00565242767333984,218.625
143,2017-05-23,1.759919,0,-1.918,16.032,0.00436782836914063,255.1875
144,2017-05-24,1.444648,0,2.591,13.478,0.00507831573486328,296.125
145,2017-05-25,1.201157,0,3.511,13.135,0.00494384765625,236.625
146,2017-05-26,1.02677,0,6.952,17.701,0.00603675842285156,188.6875
147,2017-05-27,0.8773462,0,6.726,21.419,0.00699424743652344,288.4375
148,2017-05-28,0.7728305,0,4.249,20.296,0.00682830810546875,311.1875
149,2017-05-29,0.7787858,9.46,5.797,18.737,0.00777339935302734,222.25
150,2017-05-30,0.7727694,0.75,8.187,14.622,0.00874805450439453,138.5
151,2017-05-31,0.7226357,0.02,4.029,11.881,0.00660896301269531,137.125
152,2017-06-01,0.6414135,0,-1.228,11.217,0.00439834594726563,218.125
153,2017-06-02,0.5731568,0,4.053,8.952,0.00382709503173828,307.6875
154,2017-06-03,0.5527753,5.19,4.53,12.789,0.00545406341552734,74.4375
155,2017-06-04,0.5564818,6.66,7.188,12.94,0.00711727142333984,140.875
156,2017-06-05,0.5527753,3.71,3.721,12.738,0.00677680969238281,74.5625
157,2017-06-06,0.5508136,1.72,4.433,12.203,0.00521659851074219,254.8125
158,2017-06-07,0.6482849,5.35,7.017,10.854,0.00689411163330078,80.125
159,2017-06-08,1.175257,22.86,5.683,10.221,0.00609111785888672,38.4375
160,2017-06-09,1.47264,5.11,5.122,9.694,0.00622940063476563,64.125
161,2017-06-10,1.710884,16.04,7.944,12.469,0.00703239440917969,42.1875
162,2017-06-11,1.92812,4.02,4.277,15.005,0.00728225708007813,94.875
163,2017-06-12,1.702774,0.31,4.769,14.681,0.00761890411376953,122.5
164,2017-06-13,1.399219,0.06,7.095,15.269,0.00660133361816406,206.8125
165,2017-06-14,1.135918,0,2.998,16.108,0.00579357147216797,212.8125
166,2017-06-15,0.9364186,0,3.699,16.301,0.00581073760986328,251
167,2017-06-16,0.8675534,9.27,8.42,14.405,0.00679874420166016,181.1875
168,2017-06-17,0.8345605,0.92,2.832,18.432,0.00675010681152344,83.3125
169,2017-06-18,0.7457908,0,8.793,15.536,0.0069732666015625,244.6875
170,2017-06-19,0.6551254,0,6.115,13.058,0.00594234466552734,242.6875
171,2017-06-20,0.590113,3.14,3.488,11.183,0.00517368316650391,249.875
172,2017-06-21,0.5240489,0,2.806,14.086,0.00446510314941406,278.6875
173,2017-06-22,0.4684548,0,5.249,13.37,0.00471401214599609,314.25
174,2017-06-23,0.4655709,0.13,5.819,13.209,0.006134033203125,180.3125
175,2017-06-24,0.5267232,11.83,4.414,12.766,0.00745582580566406,51.75
176,2017-06-25,0.5174574,0,0.698,11.038,0.00431156158447266,263.3125
177,2017-06-26,0.4881974,3.71,4.117,12.196,0.00546550750732422,191.1875
178,2017-06-27,0.4402661,0,0.192,16.111,0.00437259674072266,265.4375
179,2017-06-28,0.3881163,0,1.912,16.389,0.00393962860107422,339.25
180,2017-06-29,0.3464993,0,2.785,15.232,0.00469017028808594,296.125
181,2017-06-30,0.3131534,0,1.55,19.848,0.00444889068603516,196.6875
182,2017-07-01,0.280984,0,3.689,21.068,0.0047454833984375,346.375
183,2017-07-02,0.2511615,0,8.966,17.197,0.00638866424560547,263.3125
184,2017-07-03,0.2256403,0,5.896,14.511,0.00560951232910156,245
185,2017-07-04,0.2110708,3.01,4.497,15.056,0.00582599639892578,244.875
186,2017-07-05,0.1972195,0,0.957,16.069,0.00460720062255859,265.0625
187,2017-07-06,0.1809508,0,0.707,17.647,0.00454425811767578,266.5
188,2017-07-07,0.168363,0,4.27,15.949,0.00501918792724609,250.25
189,2017-07-08,0.1726129,8.13,8.879,16.627,0.00683021545410156,223.0625
190,2017-07-09,0.1643209,0.02,2.985,13.659,0.00693798065185547,152.125
191,2017-07-10,0.1578533,0.19,5.691,15.645,0.00591850280761719,165.125
192,2017-07-11,0.1624728,1.46,7.245,15.547,0.00700283050537109,172.375
193,2017-07-12,0.1866556,9.89,5.537,12.952,0.007476806640625,169.8125
194,2017-07-13,0.1809508,0.27,2.225,13.233,0.00534629821777344,188.8125
195,2017-07-14,0.16931,0,0.852,16.097,0.00461769104003906,255.6875
196,2017-07-15,0.1574492,0,1.9,18.886,0.00502204895019531,273.8125
197,2017-07-16,0.1546196,2,8.818,16.157,0.00657558441162109,269.0625
198,2017-07-17,0.1442678,0,2.739,11.586,0.00543594360351563,194.4375
199,2017-07-18,0.1350518,0.09,5.417,15.121,0.00526618957519531,227.6875
200,2017-07-19,0.1263085,0,0.327,19.652,0.00473976135253906,261.4375
201,2017-07-20,0.117877,0,3.869,21.058,0.00576686859130859,312.8125
202,2017-07-21,0.1108841,0,3.945,18.138,0.00623035430908203,313.25
203,2017-07-22,0.1068581,0,9.11,15.1,0.00686740875244141,181.8125
204,2017-07-23,0.1023265,0,5.269,20.402,0.00638484954833984,246.25
205,2017-07-24,0.1117101,4.87,9.873,17.918,0.00683403015136719,217.9375
206,2017-07-25,0.1242706,11.39,8.878,18.88,0.00830650329589844,148
207,2017-07-26,0.1229118,0.33,7.58,17.987,0.00703144073486328,209.375
208,2017-07-27,0.1212136,0.48,9.016,15.085,0.00803756713867188,113.625
209,2017-07-28,0.1427831,15.49,7.776,14.809,0.00775909423828125,41.3125
210,2017-07-29,0.1521945,2.12,3.789,13.948,0.00668621063232422,164.4375
211,2017-07-30,0.1590661,4.32,7.449,14.996,0.00748252868652344,133.625
212,2017-07-31,0.1691714,4.41,7.905,14.487,0.00758743286132813,190.75
213,2017-08-01,0.1687674,0.19,4.601,16.168,0.006622314453125,188.25
214,2017-08-02,0.1730865,4.79,5.915,14.609,0.00662994384765625,195.8125
215,2017-08-03,0.1774401,2.92,1.139,12.899,0.00603675842285156,186.9375
216,2017-08-04,0.2227917,13.95,8.023,14.365,0.00672245025634766,172
217,2017-08-05,0.2729248,19.37,7.851,13.683,0.00804424285888672,91.75
218,2017-08-06,0.3284424,13.98,8.241,13.742,0.00787258148193359,117.5625
219,2017-08-07,0.3638704,0.69,5.132,13.977,0.00684261322021484,123.25
220,2017-08-08,0.3740352,1.46,4.285,15.407,0.00594711303710938,168.1875
221,2017-08-09,0.3754873,1,7.535,12.839,0.00625705718994141,179.3125
222,2017-08-10,0.3878307,5.3,6.103,14.692,0.00755596160888672,38.625
223,2017-08-11,0.3675005,0,5.224,17.182,0.00666141510009766,228.4375
224,2017-08-12,0.3409664,0.17,7.861,16.37,0.00696849822998047,206.3125
225,2017-08-13,0.3157851,0.24,3.426,12.208,0.00661563873291016,129.375
226,2017-08-14,0.2870015,0,1.348,14.446,0.00471878051757813,228.6875
227,2017-08-15,0.2680151,0,6.964,11.592,0.0057220458984375,200.5625
228,2017-08-16,0.3336177,18.15,7.131,15.357,0.00689315795898438,46.3125
229,2017-08-17,0.361692,0.26,1.044,13.306,0.00562572479248047,210.9375
230,2017-08-18,0.4092552,8.88,7.863,15.601,0.00680160522460938,126.75
231,2017-08-19,0.4808932,3.61,7.893,13.225,0.00803375244140625,146.9375
232,2017-08-20,0.52487,0.1,2.767,15.292,0.00615501403808594,130.8125
233,2017-08-21,0.5156045,0.53,7.672,15.68,0.00655364990234375,137.0625
234,2017-08-22,0.5174574,4.56,3.52,16.327,0.00681972503662109,153.625
235,2017-08-23,0.4814106,0,0.363,16.991,0.00522041320800781,205.4375
236,2017-08-24,0.4281684,0,1.754,14.048,0.00590419769287109,210.125
237,2017-08-25,0.3873425,0.31,2.331,15.799,0.00586795806884766,145.125
238,2017-08-26,0.3513522,0,0.552,15.514,0.00573444366455078,156.5
239,2017-08-27,0.3190089,0,-0.236,17.629,0.00499725341796875,197.875
240,2017-08-28,0.2911539,0,3.288,14.127,0.005889892578125,174.6875
241,2017-08-29,0.280984,2.99,9.086,13.766,0.00781440734863281,114.4375
242,2017-08-30,0.2640267,3.38,0.639,13.172,0.00568389892578125,100.875
243,2017-08-31,0.2478483,0,2.91,13.823,0.00513744354248047,156.1875
244,2017-09-01,0.2386182,0.19,2.847,13.517,0.00567626953125,87
245,2017-09-02,0.2266659,0,0.198,13.68,0.00550556182861328,148.5
246,2017-09-03,0.2130465,0,1.624,13.254,0.00539016723632813,152.5
247,2017-09-04,0.20672,0.46,1.91,9.406,0.00548744201660156,138.4375
248,2017-09-05,0.1986443,0.53,5.6,8.993,0.00575637817382813,64.8125
249,2017-09-06,0.2000695,4.77,7.378,10.549,0.00684642791748047,11.3125
250,2017-09-07,0.2190491,9.18,5.805,8.653,0.00687503814697266,6.3125
251,2017-09-08,0.2402356,3.25,3.606,6.212,0.00584697723388672,27.75
252,2017-09-09,0.2687312,5.69,4.85,10.709,0.0057830810546875,26.8125
253,2017-09-10,0.2978927,0.71,3.537,10.883,0.00641059875488281,29.125
254,2017-09-11,0.3360631,1.13,5.657,9.842,0.00648117065429688,97.375
255,2017-09-12,0.4446061,14.17,4.784,10.748,0.00653743743896484,18.25
256,2017-09-13,0.5493411,3.75,1.9,10.301,0.00596427917480469,31.75
257,2017-09-14,0.5898323,0.87,3.238,12.604,0.0059356689453125,80.875
258,2017-09-15,0.5976793,2.81,1.213,12.988,0.00566673278808594,109.875
259,2017-09-16,0.5868899,0.35,1.352,13.551,0.00549983978271484,120.875
260,2017-09-17,0.5482513,0.42,1.169,11.924,0.00507450103759766,124.25
261,2017-09-18,0.4987895,0,3.346,13.28,0.00549030303955078,101.1875
262,2017-09-19,0.458223,0.21,5.791,10.948,0.00635433197021484,117.6875
263,2017-09-20,0.4795605,3.04,2.842,6.571,0.00614452362060547,47.625
264,2017-09-21,0.5183838,5.12,2.784,5.466,0.00491523742675781,14.5
265,2017-09-22,0.5586608,3.17,3.433,6.823,0.00505733489990234,18.75
266,2017-09-23,0.582966,0.52,4.094,10.336,0.00366306304931641,20.75
267,2017-09-24,0.5790423,0.14,7.01,9.321,0.00625038146972656,58.5625
268,2017-09-25,0.562367,0.52,7.348,9.499,0.00690174102783203,33.625
269,2017-09-26,0.5378419,0.68,6.064,8.313,0.00627231597900391,67.0625
270,2017-09-27,0.5239435,3.89,6.776,8.708,0.00611114501953125,55.625
271,2017-09-28,0.5039276,0.07,6.37,8.555,0.00623321533203125,27.9375
272,2017-09-29,0.4751912,0.04,4.711,7.987,0.00593376159667969,32.3125
273,2017-09-30,0.4565772,1.56,4.803,6.274,0.00536155700683594,32.625
274,2017-10-01,0.4450559,1.91,3.808,7.101,0.00521183013916016,12
275,2017-10-02,0.5827424,15.96,5.64,10.178,0.00572967529296875,7.8125
276,2017-10-03,0.7998258,6.99,1.64,8.486,0.00572013854980469,28.9375
277,2017-10-04,0.835587,0.41,1.036,5.718,0.00506687164306641,48.1875
278,2017-10-05,0.7897267,0.53,-2.857,7.304,0.00425624847412109,27.75
279,2017-10-06,0.72598,0,-0.387,9.066,0.00457191467285156,79.4375
280,2017-10-07,0.6539728,0,1.154,6.239,0.00461292266845703,77.3125
281,2017-10-08,0.6018278,0,-2.415,9.057,0.00348758697509766,75.0625
282,2017-10-09,0.5522295,0,-5.599,7.342,0.00350666046142578,88.125
283,2017-10-10,0.5074762,0,-6.449,2.117,0.00314521789550781,95.875
284,2017-10-11,0.5013059,2.75,-3.861,2.605,0.003509521484375,34.1875
285,2017-10-12,0.6561207,15.92,0.42,6.412,0.00432395935058594,8.25
286,2017-10-13,0.8509938,0.79,-2.214,5.842,0.00442600250244141,39.3125
287,2017-10-14,0.928769,4.71,0.71,9.087,0.00503635406494141,20.125
288,2017-10-15,0.8967856,0,1.644,10.973,0.00491046905517578,62.4375
289,2017-10-16,0.834308,0.06,3.122,10.921,0.00603008270263672,11.25
290,2017-10-17,0.8243313,6.3,0.438,6.331,0.00433921813964844,64.375
291,2017-10-18,0.9836354,8.8,-2.939,7.055,0.00463581085205078,7.375
292,2017-10-19,1.001497,0,-6.932,2.386,0.00334358215332031,55.9375
293,2017-10-20,0.9383066,0.04,-0.169,1.736,0.00340557098388672,63.375
294,2017-10-21,0.9180213,7.03,0.404,1.62,0.00396537780761719,7.125
295,2017-10-22,0.9099604,3.81,-0.046,1.245,0.00394916534423828,15.3125
296,2017-10-23,0.9045867,0.44,-1.604,0.22,0.00363636016845703,8.0625
297,2017-10-24,0.8522096,3.13,-2.175,-0.586,0.00310325622558594,14.25
298,2017-10-25,0.8118595,11.93,-2.67,3.326,0.00336551666259766,3.75
299,2017-10-26,0.7585492,0,-2.034,5.148,0.00397777557373047,33.25
300,2017-10-27,0.7214219,0.02,-3.026,3.835,0.00434017181396484,20.5
301,2017-10-28,0.6699898,0,1.256,5.179,0.00443649291992188,20.0625
302,2017-10-29,0.6612316,2.88,-2.26,2.14,0.00352191925048828,48.625
303,2017-10-30,0.6358241,0,-4.818,-0.492,0.00239467620849609,48.8125
304,2017-10-31,0.582966,0.06,-3.495,4.599,0.00306415557861328,41.625
305,2017-11-01,0.5387681,0,0.758,6.814,0.00472354888916016,36.6875
306,2017-11-02,0.5285762,0,-2.037,6.353,0.00553512573242188,10.875
307,2017-11-03,0.5174574,0,-4.093,3.469,0.00409984588623047,40.6875
308,2017-11-04,0.4995582,0,-3.314,4.589,0.00383281707763672,36.125
309,2017-11-05,0.5239435,12.76,-1.352,1.954,0.00422000885009766,15.125
310,2017-11-06,0.5276499,2.21,-6.767,0.485,0.00371837615966797,9.1875
311,2017-11-07,0.4978106,0,-7.785,1.807,0.00264167785644531,38.5625
312,2017-11-08,0.4725693,0,-1.4,3.077,0.00370025634765625,22.6875
313,2017-11-09,0.4392951,0,-1.198,3.369,0.00411701202392578,12.5
314,2017-11-10,0.4286957,3.64,-5.914,-0.03,0.00339984893798828,19.6875
315,2017-11-11,0.4077079,0.23,-8.694,0.098,0.00289440155029297,17.125
316,2017-11-12,0.3901042,0,-6.697,1.55,0.00332450866699219,20.875
317,2017-11-13,0.3857477,0,-9.414,0.021,0.00313568115234375,26.9375
318,2017-11-14,0.3609659,3.62,-10.877,0.744,0.00231552124023437,26.375
319,2017-11-15,0.3639622,0.13,-3.613,1.559,0.00370407104492187,15.125
320,2017-11-16,0.345093,0,-6.127,1.23,0.00322246551513672,23.625
321,2017-11-17,0.3416464,3.21,-3.334,0.303,0.00339984893798828,3.625
322,2017-11-18,0.3457275,8.15,-9.544,-0.249,0.00298500061035156,15.25
323,2017-11-19,0.3409664,1.02,-13.305,-2.206,0.00284957885742187,11.375
324,2017-11-20,0.3307641,0,-14.867,-3.679,0.00272464752197266,22
325,2017-11-21,0.3235043,0,-17.43,-7.579,0.00196361541748047,14.625
326,2017-11-22,0.3309856,5.87,-17.028,-9.546,0.00146961212158203,18.875
327,2017-11-23,0.3539809,25.44,-11.07,4.957,0.001861572265625,2
328,2017-11-24,0.3595137,1.76,-6.856,0.734,0.00337600708007812,0.4375
329,2017-11-25,0.3566096,0,-11.144,-2.136,0.00255107879638672,15.375
330,2017-11-26,0.3582453,2.46,-8.05,-1.896,0.00265312194824219,7.75
331,2017-11-27,0.3567013,3.48,-16.366,-4.563,0.00224113464355469,2.875
332,2017-11-28,0.3525286,1.15,-11.13,-4.697,0.00186634063720703,9.9375
333,2017-11-29,0.3409664,4.26,-18.938,-3.581,0.00243949890136719,3.1875
334,2017-11-30,0.3436871,0.7,-20.108,-5.188,0.00122737884521484,13.125
335,2017-12-01,0.339606,1.13,-19.394,-5.519,0.00181102752685547,5.6875
336,2017-12-02,0.3209606,0,-13.063,2.493,0.00189399719238281,10.6875
337,2017-12-03,0.308702,0,-7.583,2.992,0.00417804718017578,5
338,2017-12-04,0.3061586,0,-9.038,-2.054,0.00270557403564453,11.5625
339,2017-12-05,0.280984,0,-6.578,3.027,0.002960205078125,12.5625
340,2017-12-06,0.2845432,5.71,-3.519,1.932,0.00403881072998047,4.6875
341,2017-12-07,0.278018,1.58,-3.117,4.211,0.00361251831054687,0.6875
342,2017-12-08,0.2768315,0.16,-2.332,0.636,0.00373935699462891,0.4375
343,2017-12-09,0.2726789,0,-6.984,-1.334,0.00294017791748047,5.5
344,2017-12-10,0.2644147,0,-19.591,-6.359,0.0018157958984375,6.625
345,2017-12-11,0.2550271,0,-19.683,-9.245,0.000966072082519531,9.0625
346,2017-12-12,0.2472961,0,-20.407,-12.404,0.00130748748779297,4.375
347,2017-12-13,0.2353839,0,-20.11,-8.683,0.00101184844970703,10.9375
348,2017-12-14,0.2271788,1.83,-16.018,-6.223,0.00162887573242188,1.1875
349,2017-12-15,0.2251274,0,-17.361,-5.862,0.00228404998779297,2.5
350,2017-12-16,0.2246147,0,-20.321,-14.75,0.00127887725830078,10.25
351,2017-12-17,0.2180234,0,-20.439,-8.778,0.00136375427246094,8.875
352,2017-12-18,0.2148711,1.07,-11.53,-0.801,0.00192832946777344,4.1875
353,2017-12-19,0.2109952,1.21,-6.881,5.062,0.00335407257080078,7.125
354,2017-12-20,0.208145,0,-0.917,6.5,0.00519180297851563,5.625
355,2017-12-21,0.2062449,0,-4.206,2.36,0.00453948974609375,4.0625
356,2017-12-22,0.2010196,0,-3.502,1.537,0.00324821472167969,8.4375
357,2017-12-23,0.1972192,0,-1.098,4.573,0.00407981872558594,6.5
358,2017-12-24,0.2033948,0.9,-5.166,3.348,0.00434589385986328,2.0625
359,2017-12-25,0.2038697,0,-5.474,1.535,0.00359153747558594,2.75
360,2017-12-26,0.2201126,10.68,-5.328,-1.94,0.00344371795654297,1.6875
361,2017-12-27,0.2302556,11,-6.965,-2.289,0.00291252136230469,0.25
362,2017-12-28,0.2385396,4.23,-12.962,-5.065,0.00234031677246094,4.125
363,2017-12-29,0.2395653,2.16,-14.597,-5.119,0.00264549255371094,1.875
364,2017-12-30,0.2343583,0,-21.005,-10.213,0.00153923034667969,3.75
365,2017-12-31,0.2312813,0.09,-13.87,-6.586,0.00145721435546875,6
